Team,,Record,,Rat,,Pwr,,Off,,Def,,HFA,SoS,
Oregon St,Pac 12,56-6,0.903,1,9.35,1,11.15,27,9.98,1,6.98,0.23,42,7.32
Louisville,Atlantic Coast,53-12,0.815,2,9.04,3,10.63,13,10.62,7,5.83,0.25,73,6.88
North Carolina,Atlantic Coast,49-14,0.778,3,9.00,2,10.83,10,10.81,6,5.83,0.08,31,7.54
LSU,Southeastern,52-20,0.722,4,8.92,5,10.44,12,10.65,11,5.60,0.25,18,7.74
TCU,Big 12,50-18,0.735,5,8.87,6,10.23,17,10.40,8,5.65,0.29,24,7.63
Florida,Southeastern,52-19,0.732,6,8.86,13,9.71,57,9.57,5,5.95,0.17,4,8.07
Stanford,Pac 12,42-16,0.724,7,8.85,12,9.88,23,10.06,9,5.63,0.25,5,8.03
Texas Tech,Big 12,45-17,0.726,8,8.83,7,10.23,16,10.48,12,5.57,0.36,29,7.56
Florida St,Atlantic Coast,46-23,0.667,9,8.81,4,10.56,3,11.16,16,5.23,0.14,17,7.75
Kentucky,Southeastern,43-23,0.652,10,8.76,8,10.20,7,11.01,22,5.01,0.33,14,7.80
Southern Miss,Conference USA,50-16,0.758,11,8.73,10,9.99,2,11.40,50,4.41,0.13,71,6.89
Arkansas,Southeastern,45-19,0.703,12,8.72,14,9.66,20,10.20,14,5.27,0.15,41,7.34
Long Beach St,Big West,42-20-1,0.675,13,8.69,18,9.40,83,9.23,3,5.98,0.30,12,7.85
Virginia,Atlantic Coast,43-16,0.729,14,8.68,17,9.54,8,10.91,47,4.45,0.29,81,6.70
CS Fullerton,Big West,39-24,0.619,15,8.67,11,9.93,40,9.78,4,5.97,0.23,6,8.01
Wake Forest,Atlantic Coast,43-20,0.683,16,8.66,15,9.65,4,11.13,54,4.34,0.26,43,7.32
Vanderbilt,Southeastern,36-25-1,0.589,17,8.64,9,10.16,9,10.87,19,5.11,0.09,7,7.91
Texas,Big 12,39-24,0.619,18,8.63,16,9.55,78,9.29,2,6.08,0.30,8,7.89
Clemson,Atlantic Coast,42-21,0.667,19,8.62,21,9.09,33,9.91,24,5.00,0.16,23,7.67
Texas A&M,Southeastern,41-23,0.641,20,8.57,22,9.08,36,9.84,20,5.06,0.07,40,7.39
Arizona,Pac 12,38-21,0.644,21,8.55,20,9.21,15,10.49,42,4.54,0.33,45,7.29
Mississippi St,Southeastern,40-27,0.597,22,8.51,35,8.61,46,9.72,32,4.71,0.08,9,7.88
San Diego,West Coast,35-18-1,0.657,23,8.48,36,8.59,26,10.01,51,4.40,0.23,47,7.28
UCLA,Pac 12,30-27,0.526,24,8.48,19,9.21,66,9.40,10,5.63,0.23,2,8.16
Houston,American Athletic,42-21,0.667,25,8.47,24,8.89,45,9.72,26,4.98,0.24,74,6.86
South Carolina,Southeastern,35-25,0.583,26,8.47,32,8.63,79,9.28,17,5.16,0.10,10,7.87
San Diego St,Mountain West,42-21,0.667,27,8.47,33,8.62,31,9.93,44,4.51,0.15,52,7.16
Loy Marymount,West Coast,38-18,0.679,28,8.47,37,8.55,69,9.38,27,4.98,0.11,61,7.09
NC State,Atlantic Coast,36-25,0.590,29,8.45,23,8.90,25,10.05,35,4.67,0.24,33,7.50
Gonzaga,West Coast,33-20,0.623,30,8.44,38,8.49,76,9.30,21,5.01,0.32,36,7.47
West Virginia,Big 12,36-26,0.581,31,8.43,29,8.78,38,9.82,31,4.78,0.23,28,7.57
Sam Houston St,Southland,44-23,0.657,32,8.42,27,8.81,32,9.93,33,4.70,0.05,85,6.65
Baylor,Big 12,34-23,0.596,33,8.41,51,8.04,44,9.73,64,4.13,0.26,26,7.60
Missouri St,Missouri Val,43-20,0.683,34,8.40,30,8.74,28,9.97,38,4.59,0.23,93,6.48
Louisiana Tech,Conference USA,36-20,0.643,35,8.39,25,8.87,18,10.27,49,4.42,0.21,96,6.45
BYU,West Coast,38-21,0.644,36,8.39,26,8.82,6,11.05,104,3.59,0.30,82,6.67
Mississippi,Southeastern,32-25,0.561,37,8.38,43,8.22,113,8.81,15,5.23,0.19,19,7.73
Missouri,Southeastern,36-23,0.610,38,8.37,44,8.21,63,9.48,39,4.55,0.19,58,7.09
UCF,American Athletic,40-22,0.645,39,8.36,31,8.68,73,9.36,18,5.14,0.26,90,6.56
St Mary's CA,West Coast,37-20,0.649,40,8.35,60,7.80,56,9.63,75,3.98,0.22,60,7.09
South Alabama,Sun Belt,40-21,0.656,41,8.35,34,8.61,14,10.52,83,3.90,0.17,104,6.30
Oregon,Pac 12,30-25,0.545,42,8.33,46,8.15,134,8.57,13,5.40,0.17,15,7.77
Auburn,Southeastern,37-26,0.587,43,8.33,45,8.17,62,9.48,45,4.50,0.20,48,7.26
Utah,Pac 12,27-24,0.529,44,8.32,39,8.47,43,9.73,40,4.55,0.09,22,7.68
SE Louisiana,Southland,37-22,0.627,45,8.31,47,8.12,24,10.05,85,3.88,0.24,77,6.81
Michigan,Big 10,42-17,0.712,46,8.30,48,8.11,72,9.38,41,4.55,0.34,121,5.95
South Florida,American Athletic,42-19,0.689,47,8.30,57,7.89,95,9.10,37,4.61,0.35,105,6.30
Rice,Conference USA,33-31,0.516,48,8.30,50,8.06,35,9.85,72,4.03,0.06,13,7.84
Oklahoma,Big 12,35-24,0.593,49,8.29,56,7.90,52,9.66,69,4.06,0.37,65,6.97
New Mexico,Mountain West,30-27-1,0.526,50,8.29,28,8.79,1,11.45,139,3.16,0.34,46,7.28
Oklahoma St,Big 12,30-27,0.526,51,8.29,49,8.09,47,9.68,60,4.22,0.12,20,7.68
Charlotte,Conference USA,34-24,0.586,52,8.28,40,8.43,42,9.74,43,4.51,0.20,79,6.74
Washington,Pac 12,28-26,0.519,53,8.28,42,8.25,92,9.12,28,4.95,0.10,25,7.61
Fresno St,Mountain West,35-25,0.583,54,8.27,41,8.38,11,10.81,118,3.39,0.24,66,6.97
California,Pac 12,25-29,0.463,55,8.26,64,7.67,30,9.93,107,3.56,0.37,1,8.45
Miami FL,Atlantic Coast,30-27,0.526,56,8.25,63,7.75,135,8.57,23,5.01,0.13,16,7.76
Old Dominion,Conference USA,37-21,0.638,57,8.24,62,7.79,58,9.55,70,4.06,0.34,98,6.44
FL Atlantic,Conference USA,35-21-1,0.623,58,8.23,53,7.99,29,9.96,87,3.85,0.34,91,6.49
Coastal Car,Sun Belt,37-19-1,0.658,59,8.20,59,7.82,53,9.65,74,3.99,0.17,113,6.10
McNeese St,Southland,37-20,0.649,60,8.19,66,7.65,49,9.68,93,3.79,0.29,120,5.95
Indiana,Big 10,34-24-2,0.583,61,8.19,65,7.67,60,9.54,78,3.95,0.18,68,6.94
Louisiana,Sun Belt,35-21-1,0.623,62,8.18,74,7.42,152,8.35,30,4.89,0.22,110,6.25
Cal Poly,Big West,28-28,0.500,63,8.18,54,7.94,115,8.77,25,4.98,0.23,37,7.45
Dallas Bap,Missouri Val,42-21,0.667,64,8.18,76,7.40,22,10.13,145,3.09,0.25,122,5.94
Oral Roberts,Summit Lg,43-16,0.729,65,8.17,61,7.80,90,9.17,48,4.45,0.17,232,4.59
Nebraska,Big 10,35-22-1,0.612,66,8.17,67,7.65,103,8.98,46,4.49,0.32,92,6.48
St John's,Big East,42-13,0.764,67,8.17,70,7.54,68,9.38,77,3.97,0.29,226,4.64
Georgia Tech,Atlantic Coast,27-28,0.491,68,8.17,58,7.87,21,10.15,108,3.54,0.21,39,7.40
Duke,Atlantic Coast,30-28,0.517,69,8.17,55,7.91,54,9.65,66,4.08,0.19,70,6.92
Kansas St,Big 12,29-26,0.527,70,8.16,68,7.64,48,9.68,94,3.77,0.22,56,7.10
Tennessee,Southeastern,27-25,0.519,71,8.16,71,7.53,128,8.65,34,4.70,0.11,44,7.31
Kansas,Big 12,30-28,0.517,72,8.14,79,7.32,94,9.10,71,4.03,0.17,49,7.22
Maryland,Big 10,38-23,0.623,73,8.14,69,7.58,64,9.45,79,3.95,0.30,112,6.18
FGCU,Atlantic Sun,43-20,0.683,74,8.13,86,7.09,114,8.80,65,4.11,0.24,126,5.84
Minnesota,Big 10,36-21,0.632,75,8.12,81,7.20,96,9.09,80,3.92,0.01,107,6.29
Michigan St,Big 10,29-23,0.558,76,8.10,52,8.00,87,9.21,36,4.62,0.14,103,6.31
East Carolina,American Athletic,32-28,0.533,77,8.09,73,7.42,67,9.40,88,3.84,0.13,78,6.76
Hawaii,Big West,28-23,0.549,78,8.08,88,7.07,141,8.52,53,4.36,0.12,67,6.94
Connecticut,American Athletic,33-25,0.569,79,8.07,84,7.15,132,8.59,52,4.39,0.20,84,6.65
UT San Antonio,Conference USA,29-28,0.509,80,8.07,72,7.45,50,9.66,103,3.60,0.05,75,6.84
Arizona St,Pac 12,23-32,0.418,81,8.06,91,6.99,77,9.29,109,3.52,0.21,3,8.13
IL Chicago,Horizon,39-17,0.696,82,8.06,75,7.40,157,8.31,29,4.92,0.25,222,4.68
Ga Southern,Sun Belt,38-21,0.644,83,8.06,82,7.17,102,8.98,73,4.01,0.16,133,5.75
Georgia,Southeastern,25-32,0.439,84,8.04,87,7.07,112,8.83,68,4.07,0.10,21,7.68
Iowa,Big 10,39-22,0.639,85,8.04,85,7.10,84,9.22,99,3.70,0.14,145,5.62
UC Santa Barbara,Big West,24-32,0.429,86,8.02,78,7.35,74,9.35,91,3.81,0.27,32,7.53
Florida Intl,Conference USA,31-27,0.534,87,8.02,90,7.05,55,9.65,135,3.22,0.18,87,6.61
Tulane,American Athletic,27-31,0.466,88,7.99,105,6.57,70,9.38,155,3.01,0.19,34,7.49
San Francisco,West Coast,29-28,0.509,89,7.99,77,7.36,109,8.93,57,4.25,0.37,94,6.47
New Mexico St,Western Athletic,35-22,0.614,90,7.97,83,7.16,41,9.77,136,3.21,0.24,179,5.13
Washington St,Pac 12,24-29,0.453,91,7.97,102,6.61,99,9.06,120,3.37,0.30,35,7.48
UT Arlington,Sun Belt,30-25,0.545,92,7.96,89,7.05,125,8.66,62,4.21,0.11,108,6.29
Mercer,Southern,39-17,0.696,93,7.95,108,6.52,81,9.27,148,3.06,0.11,198,4.93
UC Irvine,Big West,23-33,0.411,94,7.95,98,6.82,82,9.24,117,3.39,0.22,27,7.60
Jacksonville,Atlantic Sun,36-24,0.600,95,7.94,107,6.53,140,8.53,90,3.82,0.21,125,5.86
Xavier,Big East,34-27,0.557,96,7.93,92,6.96,91,9.15,102,3.63,0.34,123,5.92
USC,Pac 12,21-34,0.382,97,7.93,117,6.42,104,8.97,131,3.27,0.16,11,7.87
Liberty,Big South,32-23,0.582,98,7.93,80,7.27,51,9.66,115,3.43,0.07,149,5.60
UC Riverside,Big West,22-32,0.407,99,7.93,99,6.66,119,8.74,97,3.74,0.11,30,7.56
Boston College,Atlantic Coast,25-28,0.472,100,7.92,110,6.49,145,8.44,86,3.87,0.23,55,7.14
Tennessee Tech,OH Valley,41-21,0.661,101,7.91,96,6.84,34,9.85,170,2.80,0.15,196,4.96
UNC Greensboro,Southern,36-24,0.600,102,7.90,94,6.85,65,9.43,133,3.24,0.15,175,5.20
CS Northridge,Big West,26-29,0.473,103,7.90,116,6.43,120,8.74,111,3.50,0.17,64,6.98
Lamar,Southland,33-25,0.569,104,7.89,97,6.84,89,9.19,113,3.47,0.23,152,5.53
Notre Dame,Atlantic Coast,26-32,0.448,105,7.88,112,6.46,185,8.01,56,4.27,0.29,57,7.10
New Orleans,Southland,30-28-1,0.517,106,7.88,95,6.85,97,9.09,105,3.58,0.20,128,5.83
Troy,Sun Belt,31-25,0.554,107,7.87,114,6.44,136,8.56,100,3.70,0.18,116,6.02
Wright St,Horizon,38-21,0.644,108,7.87,113,6.45,151,8.35,82,3.91,0.21,174,5.21
Grand Canyon,Western Athletic,29-25,0.537,109,7.87,106,6.54,98,9.06,129,3.29,0.31,114,6.04
Yale,Ivy League,34-18,0.654,110,7.86,131,6.08,75,9.31,186,2.59,0.25,160,5.41
Kent,Mid-American,37-18,0.673,111,7.85,119,6.37,167,8.22,76,3.97,0.16,206,4.88
Memphis,American Athletic,30-29,0.508,112,7.85,127,6.13,86,9.21,176,2.74,0.08,100,6.37
Pittsburgh,Atlantic Coast,23-30,0.434,113,7.85,101,6.63,148,8.37,67,4.08,0.21,76,6.81
UC Davis,Big West,21-30,0.412,114,7.85,100,6.66,116,8.77,98,3.71,0.14,54,7.14
Cent Arkansas,Southland,34-26,0.567,115,7.85,120,6.37,139,8.54,101,3.65,0.25,135,5.71
North Florida,Atlantic Sun,33-24,0.579,116,7.85,93,6.95,138,8.54,59,4.22,0.20,173,5.23
Binghamton,America East,30-13,0.698,117,7.85,118,6.41,189,7.98,58,4.25,0.24,233,4.59
Cincinnati,American Athletic,28-30,0.483,118,7.84,126,6.24,156,8.32,96,3.74,0.19,83,6.67
Virginia Tech,Atlantic Coast,23-32,0.418,119,7.83,109,6.51,39,9.79,192,2.54,0.33,59,7.09
CS Bakersfield,Western Athletic,32-24,0.571,120,7.82,130,6.09,93,9.11,171,2.80,0.23,132,5.77
Seton Hall,Big East,29-24,0.547,121,7.82,115,6.44,196,7.93,55,4.32,0.12,150,5.60
Bethune-Cookman,Mid-Eastern AC,36-25,0.590,122,7.82,123,6.33,127,8.65,112,3.50,0.29,168,5.28
Pepperdine,West Coast,20-32,0.385,123,7.80,122,6.35,193,7.95,61,4.22,0.22,50,7.21
MTSU,Conference USA,24-31,0.436,124,7.79,135,6.02,37,9.82,223,2.02,0.20,69,6.94
Wichita St,Missouri Val,28-30,0.483,125,7.79,125,6.25,121,8.73,125,3.34,0.40,101,6.34
Alabama,Southeastern,19-34-1,0.361,126,7.77,104,6.57,111,8.84,106,3.56,0.18,72,6.89
Air Force,Mountain West,27-26,0.509,127,7.77,124,6.29,5,11.11,272,1.00,0.20,124,5.90
Samford,Southern,33-26,0.559,128,7.76,132,6.07,147,8.38,110,3.51,0.24,154,5.51
Delaware,Colonial,34-23,0.596,129,7.76,103,6.57,71,9.38,152,3.02,0.38,210,4.83
Houston Bap,Southland,29-25,0.537,130,7.76,133,6.04,217,7.68,63,4.18,0.25,136,5.71
Illinois,Big 10,23-28,0.451,131,7.74,129,6.10,107,8.94,157,2.97,0.10,99,6.41
Purdue,Big 10,29-27,0.518,132,7.74,149,5.70,171,8.18,124,3.34,0.19,118,5.99
Furman,Southern,33-28,0.541,133,7.73,111,6.48,101,9.05,134,3.24,0.35,170,5.27
Indiana St,Missouri Val,29-26,0.527,134,7.73,121,6.37,150,8.36,89,3.82,0.25,156,5.47
VCU,Atlantic 10,35-22,0.614,135,7.72,128,6.13,172,8.18,95,3.77,0.24,211,4.82
SF Austin,Southland,29-28,0.509,136,7.72,139,5.92,131,8.61,140,3.13,0.31,134,5.74
CS Sacramento,Western Athletic,32-29,0.525,137,7.71,136,6.00,198,7.92,84,3.89,0.20,143,5.64
Nevada,Mountain West,19-36,0.345,138,7.70,144,5.78,159,8.27,126,3.33,0.16,38,7.41
Texas St,Sun Belt,29-30,0.492,139,7.69,148,5.71,85,9.22,202,2.31,0.20,127,5.83
Rhode Island,Atlantic 10,31-22,0.585,140,7.68,145,5.76,169,8.21,121,3.36,0.27,178,5.14
W Carolina,Southern,28-28,0.500,141,7.68,134,6.03,80,9.28,188,2.56,0.30,151,5.59
Marshall,Conference USA,25-29,0.463,142,7.67,160,5.38,133,8.58,183,2.62,0.22,95,6.47
Northwestern,Big 10,27-30,0.474,143,7.67,146,5.72,170,8.20,123,3.34,0.13,117,6.01
Morehead St,OH Valley,36-23,0.610,144,7.67,137,5.98,19,10.26,254,1.54,0.39,239,4.44
Davidson,Atlantic 10,35-26,0.574,145,7.66,142,5.82,108,8.94,180,2.70,0.09,190,5.04
Dartmouth,Ivy League,22-17-1,0.563,146,7.65,143,5.80,153,8.34,130,3.28,0.19,189,5.04
Stetson,Atlantic Sun,27-29,0.482,147,7.65,138,5.94,194,7.95,92,3.81,0.03,140,5.65
Ohio St,Big 10,22-34,0.393,148,7.63,150,5.68,144,8.48,153,3.01,0.05,88,6.60
Arkansas St,Sun Belt,28-27,0.509,149,7.62,161,5.37,123,8.70,195,2.49,0.19,155,5.49
UNC Wilmington,Colonial,30-29,0.508,150,7.61,141,5.82,122,8.71,160,2.93,0.42,165,5.35
Col Charleston,Colonial,28-31,0.475,151,7.61,152,5.59,142,8.52,163,2.89,0.25,131,5.78
Winthrop,Big South,34-24,0.586,152,7.61,164,5.28,188,7.99,142,3.12,0.15,186,5.05
UAB,Conference USA,24-31,0.436,153,7.61,163,5.30,212,7.73,119,3.39,0.19,109,6.26
San Jose St,Mountain West,19-35-1,0.355,154,7.60,170,5.17,173,8.17,168,2.81,0.25,51,7.19
Jacksonville St,OH Valley,30-26,0.536,155,7.60,156,5.50,165,8.24,146,3.08,0.28,171,5.26
William & Mary,Colonial,32-25,0.561,156,7.60,159,5.38,149,8.37,167,2.82,0.32,188,5.05
SE Missouri St,OH Valley,29-26,0.527,157,7.59,140,5.86,105,8.97,179,2.71,0.39,193,5.02
Nicholls St,Southland,29-27,0.518,158,7.58,177,5.03,233,7.44,116,3.41,0.14,153,5.52
Columbia,Ivy League,18-23,0.439,159,7.58,147,5.72,88,9.19,200,2.35,0.04,119,5.95
UNLV,Mountain West,20-36,0.357,160,7.57,155,5.51,126,8.65,182,2.67,0.23,80,6.72
Kennesaw,Atlantic Sun,25-32,0.439,161,7.55,154,5.54,118,8.76,184,2.60,0.08,137,5.71
ETSU,Southern,30-29,0.508,162,7.55,153,5.55,59,9.54,235,1.83,0.26,176,5.16
Belmont,OH Valley,31-29,0.517,163,7.55,171,5.16,175,8.13,166,2.85,0.20,169,5.28
St Louis,Atlantic 10,35-22,0.614,164,7.54,158,5.40,177,8.11,143,3.11,0.21,250,4.15
Creighton,Big East,24-25,0.490,165,7.53,167,5.26,251,7.16,81,3.92,0.25,164,5.35
Ball St,Mid-American,30-28,0.517,166,7.53,157,5.44,166,8.23,150,3.03,0.06,182,5.11
High Point,Big South,30-23,0.566,167,7.52,187,4.83,215,7.71,159,2.94,0.20,205,4.91
Presbyterian,Big South,32-29,0.525,168,7.51,172,5.09,184,8.02,162,2.89,0.10,181,5.11
Lipscomb,Atlantic Sun,28-28,0.500,169,7.51,168,5.23,163,8.24,169,2.81,0.16,195,4.98
Pacific,West Coast,18-35,0.340,170,7.51,178,5.01,160,8.27,191,2.56,0.28,62,7.02
Cornell,Ivy League,21-17,0.553,171,7.50,165,5.27,183,8.03,147,3.06,0.15,223,4.68
Northeastern,Colonial,29-25,0.537,172,7.49,186,4.90,176,8.13,185,2.59,0.26,208,4.85
Austin Peay,OH Valley,28-30,0.483,173,7.49,180,4.97,110,8.86,227,1.93,0.16,159,5.42
Ark Little Rock,Sun Belt,21-34,0.382,174,7.48,151,5.66,146,8.42,149,3.06,0.29,148,5.60
C Michigan,Mid-American,31-28,0.525,175,7.48,181,4.96,143,8.48,203,2.29,0.14,191,5.04
Rutgers,Big 10,19-34,0.358,176,7.46,184,4.91,124,8.69,219,2.04,0.22,97,6.45
Wofford,Southern,28-30,0.483,177,7.46,162,5.36,100,9.05,214,2.13,0.16,199,4.93
S Illinois,Missouri Val,27-30,0.474,178,7.46,190,4.81,211,7.74,164,2.89,0.25,161,5.40
Marist,Metro Atlantic,32-23,0.582,179,7.45,169,5.18,209,7.79,137,3.20,0.22,261,3.92
Butler,Big East,31-20,0.608,180,7.44,194,4.67,253,7.14,122,3.35,0.12,262,3.91
Radford,Big South,27-32,0.458,181,7.43,173,5.08,195,7.94,158,2.96,0.12,166,5.31
Navy,Patriot League,37-17,0.685,182,7.42,179,4.98,178,8.08,178,2.72,0.16,287,2.81
Ohio,Mid-American,31-28,0.525,183,7.41,176,5.03,203,7.86,156,2.99,0.15,237,4.49
Fairfield,Metro Atlantic,31-24,0.564,184,7.40,174,5.07,202,7.86,151,3.02,0.11,267,3.81
Valparaiso,Horizon,24-29,0.453,185,7.40,175,5.04,181,8.06,172,2.80,0.18,185,5.06
Stony Brook,America East,26-26,0.500,186,7.39,166,5.27,199,7.91,138,3.17,0.30,240,4.41
Murray St,OH Valley,29-30,0.492,187,7.38,189,4.82,61,9.50,266,1.13,0.22,219,4.74
Appalachian St,Sun Belt,19-36,0.345,188,7.38,191,4.75,231,7.45,141,3.12,0.15,111,6.21
Bryant,Northeast,29-26,0.527,189,7.38,185,4.90,192,7.96,175,2.76,0.33,249,4.19
Penn,Ivy League,23-22,0.511,190,7.37,192,4.72,248,7.23,128,3.31,0.20,238,4.46
Central Conn,Northeast,36-22,0.621,191,7.37,198,4.51,226,7.57,174,2.76,0.30,275,3.55
E Michigan,Mid-American,27-35,0.435,192,7.36,193,4.68,191,7.97,194,2.53,0.21,158,5.43
Campbell,Big South,25-32,0.439,193,7.35,182,4.95,129,8.64,213,2.13,0.13,194,5.02
TAM C. Christi,Southland,22-32,0.407,194,7.35,202,4.40,179,8.08,212,2.14,0.23,139,5.67
Florida A&M,Mid-Eastern AC,27-26,0.509,195,7.34,200,4.44,154,8.33,228,1.92,0.19,230,4.60
Santa Clara,West Coast,13-40,0.245,196,7.34,197,4.53,155,8.33,220,2.03,0.13,53,7.16
Canisius,Metro Atlantic,35-22,0.614,197,7.34,203,4.38,229,7.51,181,2.69,0.22,272,3.64
MA Lowell,America East,22-26,0.458,198,7.34,188,4.82,238,7.39,132,3.25,0.19,214,4.80
Penn St,Big 10,18-37,0.327,199,7.33,222,3.92,237,7.40,201,2.34,0.15,86,6.64
Harvard,Ivy League,19-23,0.452,200,7.32,195,4.58,197,7.93,196,2.47,0.15,215,4.79
Northwestern LA,Southland,20-34,0.370,201,7.31,199,4.49,205,7.85,198,2.46,0.24,147,5.61
Bradley,Missouri Val,18-31,0.367,202,7.30,216,4.09,158,8.28,248,1.63,0.16,129,5.80
Elon,Colonial,24-32,0.429,203,7.29,204,4.35,220,7.63,193,2.54,0.29,172,5.25
Gardner Webb,Big South,25-30,0.455,204,7.28,208,4.28,190,7.97,215,2.12,0.21,204,4.91
WI Milwaukee,Horizon,22-32,0.407,205,7.28,183,4.92,235,7.42,127,3.32,0.27,212,4.81
St Bonaventure,Atlantic 10,26-22,0.542,206,7.27,207,4.29,242,7.34,173,2.77,0.26,258,3.97
Georgia St,Sun Belt,22-33,0.400,207,7.26,238,3.50,236,7.40,229,1.91,0.34,130,5.79
St Joseph's PA,Atlantic 10,21-25,0.457,208,7.25,205,4.34,222,7.60,189,2.56,0.21,227,4.64
Miami OH,Mid-American,22-34,0.393,209,7.25,201,4.43,244,7.32,161,2.93,0.18,162,5.38
W Michigan,Mid-American,24-29,0.453,210,7.25,214,4.13,168,8.22,239,1.73,0.20,221,4.71
WKU,Conference USA,16-39,0.291,211,7.24,219,3.99,223,7.60,209,2.21,0.24,89,6.59
George Mason,Atlantic 10,26-33,0.441,212,7.23,206,4.30,227,7.56,190,2.56,0.02,224,4.66
G Washington,Atlantic 10,31-27,0.534,213,7.23,217,4.08,258,7.05,165,2.85,0.27,259,3.96
Holy Cross,Patriot League,24-29,0.453,214,7.22,210,4.27,216,7.69,199,2.39,0.21,229,4.61
Brown,Ivy League,13-24,0.351,215,7.22,196,4.56,263,6.95,114,3.43,0.19,167,5.29
Fordham,Atlantic 10,27-24,0.529,216,7.22,223,3.91,274,6.72,154,3.01,0.21,257,3.98
N Kentucky,Horizon,24-33,0.421,217,7.21,232,3.77,137,8.54,269,1.04,0.35,177,5.16
VMI,Southern,24-34,0.414,218,7.20,228,3.83,186,8.01,247,1.64,0.26,184,5.07
James Madison,Colonial,24-27,0.471,219,7.20,212,4.19,164,8.24,238,1.77,0.22,247,4.25
SIUE,OH Valley,23-29,0.442,220,7.19,229,3.80,130,8.62,271,1.00,0.30,220,4.73
Portland,West Coast,10-41-1,0.202,221,7.19,209,4.27,241,7.36,177,2.73,0.24,63,6.99
SC Upstate,Atlantic Sun,24-31,0.436,222,7.18,231,3.78,218,7.66,226,1.94,0.17,218,4.74
TN Martin,OH Valley,25-30,0.455,223,7.18,230,3.79,207,7.82,237,1.79,0.31,236,4.51
N Colorado,Western Athletic,24-30,0.444,224,7.17,240,3.47,214,7.72,253,1.57,0.30,197,4.96
Seattle,Western Athletic,20-35-1,0.366,225,7.17,213,4.17,200,7.90,217,2.10,0.18,183,5.08
UTRGV,Western Athletic,24-28,0.462,226,7.17,220,3.96,208,7.82,225,1.96,0.25,241,4.39
Alabama St,Southwestern AC,31-25,0.554,227,7.16,211,4.20,201,7.89,216,2.12,0.07,285,2.84
SUNY Albany,America East,26-26,0.500,228,7.16,233,3.69,243,7.33,210,2.18,0.20,251,4.10
E Illinois,OH Valley,21-35,0.375,229,7.16,236,3.54,106,8.95,280,0.41,0.27,163,5.37
Princeton,Ivy League,12-28-1,0.305,230,7.16,239,3.48,260,7.01,205,2.29,0.15,115,6.04
Evansville,Missouri Val,18-39,0.316,231,7.15,218,4.07,219,7.66,207,2.23,0.11,141,5.65
Charleston So,Big South,22-29,0.431,232,7.15,226,3.85,255,7.09,187,2.58,0.19,231,4.60
UMBC,America East,23-25,0.479,233,7.14,242,3.39,221,7.63,251,1.59,0.22,242,4.38
Georgetown,Big East,27-28,0.491,234,7.12,235,3.54,204,7.86,256,1.50,0.18,263,3.91
S Dakota St,Summit Lg,26-24,0.520,235,7.12,221,3.93,228,7.53,208,2.22,0.18,277,3.39
Maine,America East,25-29,0.463,236,7.11,234,3.63,252,7.16,204,2.29,0.16,264,3.85
Illinois St,Missouri Val,16-40,0.286,237,7.11,215,4.11,182,8.06,231,1.87,0.19,146,5.61
UNC Asheville,Big South,25-32,0.439,238,7.11,260,2.89,257,7.08,249,1.63,0.13,203,4.91
E Kentucky,OH Valley,24-32,0.429,239,7.10,241,3.43,117,8.76,279,0.49,0.46,213,4.80
Monmouth NJ,Metro Atlantic,20-28,0.417,240,7.10,224,3.90,180,8.07,246,1.65,0.30,243,4.37
Niagara,Metro Atlantic,24-24,0.500,241,7.09,227,3.84,249,7.20,197,2.46,0.20,276,3.49
Hartford,America East,20-30,0.400,242,7.09,245,3.28,174,8.14,273,0.96,0.25,201,4.92
NC A&T,Mid-Eastern AC,28-25,0.528,243,7.07,250,3.19,213,7.73,260,1.28,0.22,273,3.62
Utah Valley,Western Athletic,18-36,0.333,244,7.07,257,3.03,225,7.57,262,1.28,0.07,142,5.65
Citadel,Southern,16-35,0.314,245,7.06,253,3.08,269,6.80,218,2.09,0.28,144,5.63
N Dakota St,Summit Lg,31-25,0.554,246,7.05,237,3.51,284,6.24,144,3.09,0.29,282,2.97
NC Central,Mid-Eastern AC,22-28,0.440,247,7.05,225,3.85,187,7.99,245,1.68,0.19,268,3.79
Oakland,Horizon,17-40,0.298,248,7.01,243,3.37,162,8.26,274,0.93,0.25,157,5.44
Rider,Metro Atlantic,24-28-1,0.462,249,7.01,261,2.88,261,6.98,241,1.71,0.14,252,4.07
Army,Patriot League,25-31,0.446,250,7.00,249,3.23,240,7.36,244,1.69,0.18,253,4.06
Buffalo,Mid-American,17-34,0.333,251,7.00,246,3.26,246,7.28,236,1.80,0.21,192,5.03
Jackson St,Southwestern AC,36-17-1,0.676,252,6.99,244,3.32,232,7.44,242,1.70,0.21,299,0.61
Toledo,Mid-American,17-41,0.293,253,6.99,255,3.05,224,7.59,261,1.28,0.09,138,5.70
Abilene Chr,Southland,13-43,0.232,254,6.97,247,3.25,161,8.26,276,0.81,0.23,106,6.29
Bucknell,Patriot League,21-28,0.429,255,6.97,259,2.89,268,6.81,230,1.90,0.10,254,4.04
ULM,Sun Belt,12-43,0.218,256,6.94,265,2.83,259,7.03,250,1.62,0.15,102,6.31
Towson,Colonial,20-34,0.370,257,6.93,264,2.83,247,7.27,259,1.38,0.12,228,4.61
Richmond,Atlantic 10,17-36,0.321,258,6.93,248,3.24,230,7.48,252,1.58,0.09,207,4.86
N Illinois,Mid-American,17-38,0.309,259,6.92,251,3.13,254,7.10,234,1.84,0.10,200,4.93
Iona,Metro Atlantic,25-26,0.490,260,6.92,256,3.04,275,6.69,211,2.17,0.22,283,2.96
Dayton,Atlantic 10,20-35,0.364,261,6.91,254,3.07,239,7.36,255,1.52,0.21,246,4.26
Quinnipiac,Metro Atlantic,18-32,0.360,262,6.90,262,2.85,276,6.67,224,2.00,0.27,245,4.28
Sacred Heart,Northeast,23-36,0.390,263,6.90,252,3.13,256,7.08,232,1.87,0.21,265,3.85
Incarnate Word,Southland,20-36,0.357,264,6.89,267,2.53,210,7.79,278,0.56,0.18,209,4.84
Siena,Metro Atlantic,20-28-2,0.420,265,6.89,270,2.45,250,7.19,267,1.08,0.02,255,4.03
Villanova,Big East,14-33,0.298,266,6.84,275,2.28,288,5.83,206,2.27,0.10,180,5.12
Longwood,Big South,19-34,0.358,267,6.82,276,2.21,262,6.97,268,1.06,0.20,244,4.33
Youngstown St,Horizon,15-40,0.273,268,6.81,269,2.52,245,7.30,270,1.04,0.19,187,5.05
Bowling Green,Mid-American,15-34,0.306,269,6.81,271,2.35,264,6.94,263,1.23,0.17,217,4.76
Massachusetts,Atlantic 10,15-32,0.319,270,6.81,272,2.34,285,6.13,221,2.02,0.11,234,4.54
W Illinois,Summit Lg,17-32,0.347,271,6.80,266,2.79,265,6.89,240,1.72,0.28,248,4.21
Wagner,Northeast,22-28,0.440,272,6.78,263,2.84,270,6.80,233,1.86,0.28,286,2.82
LIU Brooklyn,Northeast,22-28,0.440,273,6.76,274,2.29,206,7.82,281,0.29,0.21,278,3.23
Lehigh,Patriot League,21-29,0.420,274,6.75,258,2.98,271,6.78,222,2.02,0.24,290,2.66
Hofstra,Colonial,14-37,0.275,275,6.74,268,2.52,267,6.85,257,1.49,0.18,225,4.64
Manhattan,Metro Atlantic,18-35,0.340,276,6.71,273,2.31,280,6.43,243,1.70,0.13,266,3.84
Norfolk St,Mid-Eastern AC,26-22,0.542,277,6.71,277,2.12,278,6.55,258,1.39,0.20,294,2.14
NE Omaha,Summit Lg,12-40,0.231,278,6.50,278,1.51,279,6.50,275,0.83,0.09,202,4.91
Chicago St,Western Athletic,11-41,0.212,279,6.49,280,1.09,283,6.29,277,0.63,0.16,216,4.77
Delaware St,Mid-Eastern AC,22-25,0.468,280,6.42,279,1.10,289,5.76,264,1.16,0.22,297,1.71
La Salle,Atlantic 10,10-41,0.196,281,6.40,281,1.06,291,5.74,265,1.14,0.21,235,4.52
TX Southern,Southwestern AC,20-34,0.370,282,6.33,282,0.78,273,6.74,283,-0.14,0.25,280,3.03
Grambling,Southwestern AC,22-30,0.423,283,6.24,284,0.72,272,6.77,285,-0.24,0.33,296,1.72
F Dickinson,Northeast,12-34,0.261,284,6.20,283,0.73,234,7.42,294,-0.87,0.23,281,2.97
Savannah St,Mid-Eastern AC,12-39,0.235,285,6.18,286,0.30,281,6.37,286,-0.25,0.23,271,3.66
NJIT,Atlantic Sun,9-40,0.184,286,6.15,287,0.25,277,6.60,289,-0.53,0.19,256,4.03
Lafayette,Patriot League,8-44,0.154,287,6.14,285,0.38,266,6.85,290,-0.65,0.20,260,3.95
Ark Pine Bluff,Southwestern AC,15-31,0.326,288,6.10,288,0.15,282,6.36,288,-0.39,0.19,288,2.77
Southern Univ,Southwestern AC,17-27,0.386,289,6.04,289,-0.22,293,5.63,282,-0.03,0.23,298,1.30
Prairie View,Southwestern AC,18-37,0.327,290,5.92,296,-1.43,294,5.60,296,-1.21,0.10,291,2.64
Alcorn St,Southwestern AC,12-33,0.267,291,5.91,290,-0.64,287,5.87,292,-0.69,0.12,289,2.72
NYIT,America East,5-36-1,0.131,292,5.85,293,-1.08,298,5.07,287,-0.33,0.26,270,3.67
MD E Shore,Mid-Eastern AC,12-40,0.231,293,5.85,292,-0.92,295,5.09,284,-0.19,0.33,293,2.49
PFW,Summit Lg,8-43,0.157,294,5.82,291,-0.87,290,5.75,293,-0.80,0.06,274,3.58
Coppin St,Mid-Eastern AC,11-31,0.262,295,5.80,294,-1.24,286,5.89,297,-1.31,0.19,295,1.83
Mt St Mary's,Northeast,8-39,0.170,296,5.74,297,-1.72,292,5.72,298,-1.62,0.30,279,3.10
MS Valley St,Southwestern AC,7-34,0.171,297,5.66,295,-1.41,297,5.08,291,-0.67,0.14,284,2.92
Alabama A&M,Southwestern AC,12-45,0.211,298,5.63,298,-2.02,299,4.67,295,-0.88,0.11,292,2.55
St Peter's,Metro Atlantic,0-38,0.000,299,4.79,299,-3.67,296,5.09,299,-2.94,-0.00,269,3.78
